"id";"produto";"cod";"cod25";"unid";"material";"tipo";"cme";"ordem"
"7";"ABOCATH 14";"32";"2566";"0";"0";"2";"0";"23"
"8";"ABOCATH 16";"33";"2567";"0";"0";"2";"0";"24"
"9";"ABOCATH 18";"34";"2568";"0";"0";"2";"0";"25"
"10";"ABOCATH 20";"35";"2569";"0";"0";"2";"0";"26"
"11";"ABOCATH 22";"36";"2570";"0";"0";"2";"0";"27"
"12";"ABOCATH 24";"37";"2571";"0";"0";"2";"0";"28"
"13";"AGUA OXIGENADA 1L";"565";"2528";"0";"0";"2";"0";"30"
"14";"AGULHA DE SEGURANÇA 25X07";"503";"2533";"0";"0";"2";"0";"38"
"15";"AGULHA DE SEGURANÇA 40X12";"963";"2534";"0";"0";"2";"0";"39"
"16";"ALCOOL 70%  ALMOTOLIA DE 250ML";"1963";"2529";"0";"0";"2";"0";"40"
"17";"APARELHO DE PA ADULTO";"412";"3101";"0";"0";"2";"0";"59"
"18";"APARELHO DE PA NEO";"414";"3099";"0";"0";"2";"0";"61"
"19";"APARELHO DE PA PEDIÁTRICO";"413";"3102";"0";"0";"2";"0";"60"
"20";"APARELHO TRICOTOMIZADOR";"504";"2535";"0";"0";"2";"0";"63"
"21";"ATADURA 10 cm";"11";"2536";"0";"0";"2";"0";"67"
"22";"ATADURA 15 cm";"12";"2537";"0";"0";"2";"0";"68"
"23";"ATADURA 20 cm";"13";"2538";"0";"0";"2";"0";"69"
"24";"AVENTAL TNT DESCARTÁVEL";"14";"0";"0";"0";"2";"0";"62"
"25";"BACHAL";"55";"3120";"0";"0";"2";"0";"154"
"26";"BATERIA 3V (GLICOSÍMETRO)";"544";"2544";"0";"0";"2";"0";"1"
"27";"BATERIA 9V (DETECTOR FETAL)";"447";"3103";"0";"0";"2";"0";"1"
"28";"CÂNULA DE GUEDEL Nş 0";"329";"0";"0";"0";"2";"1";NULL
"29";"CÂNULA DE GUEDEL Nş 1";"330";"0";"0";"0";"2";"1";NULL
"30";"CÂNULA DE GUEDEL Nş 2";"331";"0";"0";"0";"2";"1";NULL
"31";"CÂNULA DE GUEDEL Nş 3";"332";"0";"0";"0";"2";"1";NULL
"32";"CÂNULA DE GUEDEL Nş 4";"333";"0";"0";"0";"2";"1";NULL
"33";"CÂNULA DE GUEDEL Nş 5";"334";"0";"0";"0";"2";"1";NULL
"34";"CÂNULA TRAQUEOSTOMIA Nş 3,5";"4008";"0";"0";"0";"1";"0";"74"
"36";"CÂNULA TRAQUEOSTOMIA Nş 7,5";"17";"0";"0";"0";"1";"0";"76"
"37";"CÂNULA TRAQUEOSTOMIA Nş 8";"18";"0";"0";"0";"1";"0";"77"
"38";"CATETER ÓCULO ADULTO";"20";"2557";"0";"0";"2";"0";"78"
"39";"COLAR CERVICAL G";"22";"3113";"0";"0";"2";"0";"102"
"40";"COLAR CERVICAL M";"23";"3112";"0";"0";"2";"0";"103"
"41";"COLAR CERVICAL NEO";"547";"3108";"0";"0";"2";"0";"107"
"42";"COLAR CERVICAL P";"24";"3111";"0";"0";"2";"0";"105"
"43";"COLAR CERVICAL PEDIÁTRICO";"546";"3109";"0";"0";"2";"0";"104"
"44";"COLAR CERVICAL PP";"25";"3110";"0";"0";"2";"0";"106"
"45";"COLETOR DE URINA SISTEMA ABERTO";"27";"0";"0";"0";"1";"0";"82"
"46";"COLETOR DE URINA SISTEMA FECHADO";"342";"0";"0";"0";"1";"0";"83"
"47";"COLETOR DE PERFURO CORTANTE PEQUENO";"1983";"0";"0";"0";"2";"0";"80"
"48";"COLETOR DE PERFURO CORTANTE GRANDE";"876";"2558";"0";"0";"2";"0";"81"
"49";"COMPRESSA 45X50";"29";"2539";"0";"0";"2";"0";"108"
"52";"DISPOSITIVO PUNÇĂO INTRAÓSSEA ILLINOIS Nş 18";"1971";"0";"0";"0";"1";"0";"37"
"53";"ELETRODO";"38";"2579";"0";"0";"2";"0";"122"
"54";"ELETRODO PEDIÁTRICO";"39";"0";"0";"0";"2";"0";"121"
"55";"EMBALAGEM SMS";"40";"3116";"0";"0";"2";"0";NULL
"56";"EQUIPO MACROGOTAS";"41";"2580";"0";"0";"2";"0";"123"
"57";"EQUIPO MICROGOTAS";"42";"2540";"0";"0";"2";"0";"124"
"58";"ESPARADRAPO";"43";"2540";"0";"0";"2";"0";"125"
"59";"ESTETOSCÓPIO ADULTO";"44";"2581";"0";"0";"2";"0";"126"
"60";"ESTETOSCÓPIO INFANTIL";"45";"2582";"0";"0";"2";"0";"127"
"61";"EXTENSOR DE OXIGĘNIO";"551";"2584";"0";"0";"2";"1";NULL
"62";"EXTENSOR EQUIPO (USA)";"3776";"0";"0";"0";"1";"0";"128"
"63";"FIO DE SUTURA NYLON Nş: 3";"422";"0";"0";"0";"1";"0";"143"
"64";"FIO GUIA INFANTIL";"49";"0";"0";"0";"1";"1";NULL
"65";"FIO GUIA ADULTO";"48";"0";"0";"0";"1";"1";NULL
"66";"FITA PARA AUTOCLAVE";"57";"0";"0";"0";"2";"0";NULL
"67";"FITA PARA ECG";"188";"0";"0";"0";"2";"0";"147"
"68";"FITA DE GLICEMIA";"51";"2591";"0";"0";"2";"0";"155"
"69";"FITA ZEBRADA";"162";"0";"0";"0";"2";"0";"146"
"70";"FIXADOR DE TUBO";"52";"0";"0";"0";"1";"0";"145"
"72";"GAZE";"53";"2541";"0";"0";"2";"0";"140"
"73";"GEL CONDUTOR";"391";"0";"0";"0";"2";"0";"156"
"74";"DRENO TÓRAX Nş: 10";"5496";"2573";"0";"0";"1";"0";"92"
"75";"DRENO TÓRAX N: 14";"427";"0";"0";"0";"1";"0";"84"
"76";"DRENO TÓRAX N: 18";"2574";"2575";"0";"0";"1";"0";"85"
"77";"DRENO TÓRAX N: 20";"428";"0";"0";"0";"1";"0";"86"
"78";"DRENO TÓRAX N: 24";"429";"0";"0";"0";"1";"0";"87"
"79";"DRENO TÓRAX N: 26";"430";"2576";"0";"0";"1";"0";"88"
"80";"DRENO TÓRAX N: 28";"431";"0";"0";"0";"1";"0";"89"
"81";"DRENO TÓRAX N: 30";"432";"2577";"0";"0";"1";"0";"90"
"82";"DRENO TÓRAX N: 32";"433";"0";"0";"0";"1";"0";"91"
"83";"KIT PARTO";"56";"2600";"0";"0";"2";"0";"130"
"84";"LABSEPTIC SPRAY DESINFETANTE HOSPITALAR";"302";"2564";"0";"0";"2";"0";"131"
"85";"LÁMINA DE BISTURI Nş 11";"435";"3121";"0";"0";"1";"0";"119"
"86";"LÁMINA DE BISTURI Nş 15";"436";"3122";"0";"0";"1";"0";"120"
"87";"LANCETA";"58";"2592";"0";"0";"2";"0";"132"
"88";"LANTERNA LED (TROCA)";"116";"3124";"0";"0";"2";"0";"117"
"89";"LANTERNA PUP (TROCA)";"59";"2601";"0";"0";"2";"0";"118"
"91";"LENÇOL DESCARTÁVEL";"60";"2602";"0";"0";"2";"0";"116"
"92";"LUVA CIR ESTÉRIL Nş: 7";"61";"2603";"0";"0";"2";"0";"112"
"93";"LUVA CIR ESTÉRIL Nş: 7,5";"62";"2604";"0";"0";"2";"0";"113"
"94";"LUVA CIR ESTÉRIL Nş: 8";"63";"2605";"0";"0";"2";"0";"114"
"95";"LUVA CIR ESTÉRIL Nş: 8,5";"64";"2606";"0";"0";"2";"0";"115"
"96";"LUVA DE VAQUETA";"119";"0";"0";"0";"2";"0";NULL
"97";"LUVA G";"67";"2610";"0";"0";"2";"0";"109"
"98";"LUVA M";"66";"2611";"0";"0";"2";"0";"110"
"99";"LUVA P";"65";"2612";"0";"0";"2";"0";"111"
"100";"MANÔMETRO AR";"541";"2613";"0";"0";"2";"0";"135"
"101";"MANÔMETRO COM FLUXÔMETRO PARA O2";"540";"3125";"0";"0";"2";"0";"137"
"102";"MANÔMETRO SEM FLUXÔMETRO PARA O2";"539";"2691";"0";"0";"2";"0";"136"
"103";"MANTA TÉRMICA ADULTO";"72";"2617";"0";"0";"2";"0";"72"
"104";"MANTA TÉRMICA PEDIÁTRICO";"73";"2618";"0";"0";"2";"0";"73"
"105";"MÁSCARA ALTO FLUXO ADULTO";"75";"2620";"0";"0";"2";"1";NULL
"106";"MÁSCARA ALTO FLUXO PEDIÁTRICO";"76";"2621";"0";"0";"2";"1";NULL
"107";"MÁSCARA DESCARTÁVEL";"74";"2619";"0";"0";"2";"0";"64"
"108";"MÁSCARA LARÍNGEA Nş: 1";"78";"2622";"0";"0";"1";"1";NULL
"109";"MÁSCARA LARÍNGEA Nş: 2";"79";"2623";"0";"0";"1";"1";NULL
"110";"MÁSCARA LARÍNGEA Nş: 3";"80";"2624";"0";"0";"1";"1";NULL
"111";"MÁSCARA LARÍNGEA Nş: 4";"81";"2625";"0";"0";"1";"1";NULL
"112";"MÁSCARA LARÍNGEA Nş: 5";"82";"2626";"0";"0";"1";"1";NULL
"114";"MICROPORE";"83";"2542";"0";"0";"2";"0";"70"
"115";"MULTIVIAS 2 VIAS";"84";"2632";"0";"0";"2";"0";"71"
"116";"PÁS PARA DEA FRX PHILIPS";"2292";"2533";"0";"0";"2";"0";"33"
"119";"PERA DE ASPIRA Nş: 6";"394";"0";"0";"0";"2";"1";NULL
"120";"PERA DE ASPIRA Nş: 8";"395";"0";"0";"0";"2";"1";NULL
"121";"PILHA AAA (LANTERNA PUPILAR)";"3504";"3505";"0";"0";"2";"0";"1"
"122";"PILHA AA (OXÍMETRO)";"3502";"2545";"0";"0";"2";"0";"1"
"123";"PILHA C (LARINGOSCÓPIO)";"88";"2547";"0";"0";"1";"0";"1"
"124";"REANIMADOR MANUAL ADULTO";"94";"3134";"0";"0";"2";"1";NULL
"125";"REANIMADOR MANUAL NEO";"96";"0";"0";"0";"2";"1";NULL
"126";"REANIMADOR MANUAL PEDIÁTRICO";"95";"0";"0";"0";"2";"1";NULL
"127";"RESERVATÓRIO  REANIMADOR ADULTO";"92";"2630";"0";"0";"2";"0";"34"
"128";"RESERVATÓRIO REANIMADOR  PEDIÁTRICO / NEO";"93";"2631";"0";"0";"2";"0";"35"
"129";"RINGER COM LACTATO";"1961";"2526";"0";"0";"2";"0";"186"
"130";"SERINGA 1 ML";"455";"2644";"0";"0";"2";"0";"17"
"131";"SERINGA 5ML";"101";"2647";"0";"0";"2";"0";"18"
"132";"SERINGA 10ML";"102";"2645";"0";"0";"2";"0";"19"
"133";"SERINGA 20ML";"103";"2646";"0";"0";"2";"0";"20"
"134";"SERINGA 60ML";"2466";"2648";"0";"0";"1";"0";"21"
"136";"SONDA ASPIRAÇĂO TRAQUEAL Nş: 6";"460";"2649";"0";"0";"2";"0";"1"
"137";"SONDA ASPIRAÇĂO TRAQUEAL Nş: 10";"462";"2650";"0";"0";"2";"0";"3"
"138";"SONDA ASPIRAÇĂO TRAQUEAL Nş: 14";"464";"2651";"0";"0";"2";"0";"4"
"139";"SONDA ASPIRAÇĂO TRAQUEAL Nş: 18";"466";"2652";"0";"0";"2";"0";"5"
"140";"SONDA FOLLEY Nş 6";"467";"3139";"0";"0";"1";"0";"11"
"141";"SONDA FOLLEY Nş 10";"469";"2661";"0";"0";"1";"0";"12"
"142";"SONDA FOLLEY Nş 14";"471";"2662";"0";"0";"1";"0";"13"
"143";"SONDA FOLLEY Nş 18";"473";"2663";"0";"0";"1";"0";"14"
"144";"SONDA NASOGÁSTRICA Nş 6";"477";"2654";"0";"0";"2";"0";"6"
"145";"SONDA NASOGÁSTRICA Nş 10";"479";"2655";"0";"0";"2";"0";"7"
"146";"SONDA NASOGÁSTRICA Nş 14";"481";"2656";"0";"0";"2";"0";"8"
"148";"SONDA NASOGÁSTRICA Nş 18";"483";"2657";"0";"0";"2";"0";"9"
"150";"SONDA NASOGÁSTRICA Nş 22";"485";"2653";"0";"0";"2";"0";"10"
"151";"SONDA URETRAL Nş 4";"486";"2658";"0";"0";"1";"0";"15"
"152";"SONDA URETRAL Nş 6";"487";"2659";"0";"0";"1";"0";"16"
"157";"SORO FISIOLÓGICO 250ML";"568";"2521";"0";"0";"2";"0";"188"
"158";"SORO FISIOLÓGICO 500ML";"564";"2522";"0";"0";"2";"0";"187"
"159";"SORO GLICOSADO 250ML";"569";"2523";"0";"0";"2";"0";"190"
"160";"SORO GLICOSADO 500ML";"559";"2524";"0";"0";"2";"0";"191"
"161";"TALA DE IMOB EG";"521";"0";"0";"0";"2";"0";"148"
"162";"TALA DE IMOB GG";"520";"0";"0";"0";"2";"0";"149"
"163";"TALA DE IMOB G";"519";"0";"0";"0";"2";"0";"150"
"164";"TALA DE IMOB M";"518";"0";"0";"0";"2";"0";"151"
"165";"TALA DE IMOB P";"517";"0";"0";"0";"2";"0";"152"
"166";"TALA DE IMOB PP";"516";"0";"0";"0";"2";"0";"153"
"167";"TERMÔMETRO (INFORMAR MOTIVO)";"107";"2664";"0";"0";"2";"0";"66"
"168";"TESOURA PONTA ROMBA (INFORMAR MOTIVO)";"108";"0";"0";"0";"2";"0";"22"
"169";"TIRANTE ARANHA (INFORMAR MOTIVO)";"109";"3142";"0";"0";"2";"0";"133"
"170";"TUBO ENDOTRAQUEAL Nş 2,5";"314";"2673";"0";"0";"1";"0";"44"
"171";"TUBO ENDOTRAQUEAL Nş 3";"315";"2674";"0";"0";"1";"0";"45"
"172";"TUBO ENDOTRAQUEAL Nş 3,5";"316";"2675";"0";"0";"1";"0";"46"
"173";"TUBO ENDOTRAQUEAL Nş 4";"317";"2676";"0";"0";"1";"0";"47"
"174";"TUBO ENDOTRAQUEAL Nş 4,5";"318";"2677";"0";"0";"1";"0";"48"
"175";"TUBO ENDOTRAQUEAL Nş 5";"319";"2678";"0";"0";"1";"0";"49"
"176";"TUBO ENDOTRAQUEAL Nş 5,5";"320";"2679";"0";"0";"1";"0";"50"
"177";"TUBO ENDOTRAQUEAL Nş 6";"321";"2680";"0";"0";"1";"0";"51"
"178";"TUBO ENDOTRAQUEAL Nş 6,5";"322";"2681";"0";"0";"1";"0";"52"
"179";"TUBO ENDOTRAQUEAL Nş 7";"323";"2682";"0";"0";"1";"0";"53"
"180";"TUBO ENDOTRAQUEAL Nş 7,5";"324";"2683";"0";"0";"1";"0";"54"
"181";"TUBO ENDOTRAQUEAL Nş 8";"325";"2684";"0";"0";"1";"0";"55"
"182";"TUBO ENDOTRAQUEAL Nş 8,5";"326";"2685";"0";"0";"1";"0";"56"
"183";"TUBO ENDOTRAQUEAL Nş 9";"327";"2686";"0";"0";"1";"0";"57"
"184";"TUBO ENDOTRAQUEAL Nş 9,5";"328";"2687";"0";"0";"1";"0";"58"
"185";"CONECTOR DE O2";"113";"0";"0";"0";"2";"1";NULL
"186";"VELCRO BACHAL";"418";"0";"0";"0";"2";"0";"144"
"187";"BLOCO APH";"196";"0";"0";"1";"2";"0";"180"
"188";"BLOCO CHECKLIST CONDUTOR";"201";"0";"0";"1";"1";"0";"183"
"189";"BLOCO CONTROLE DE EXPURGO";"200";"0";"0";"1";"2";"0";"184"
"190";"BLOCO ENTREGA PERTENCES";"199";"0";"0";"1";"2";"0";"185"
"191";"BLOCO RECEITUÁRIO";"198";"0";"0";"1";"2";"0";"182"
"192";"BLOCO REQUISIÇĂO MATERIAL";"197";"0";"0";"1";"2";"0";"181"
"193";"BORRACHA";"448";"0";"0";"1";"2";"0";"168"
"194";"CADERNO BROCHURĂO";"127";"0";"0";"1";"2";"0";"171"
"195";"CADERNO BROCHURĂO PEQUENO";"128";"0";"0";"1";"2";"0";"172"
"196";"CANETA ESFEROGRÁFICA AZUL";"134";"0";"0";"1";"2";"0";"169"
"197";"CANETA ESFEROGRÁFICA VERMELHA";"136";"0";"0";"1";"2";"0";"170"
"198";"CANETA PARA RETROPROJETOR";"137";"0";"0";"1";"2";"0";"177"
"199";"CANETA PARA TECIDO (CORES)";"1173";"0";"0";"1";"2";"0";"177"
"200";"CANETA AZUL PARA QUADRO BRANCO ";"140";"0";"0";"1";"2";"0";"173"
"201";"CANETA PRETA PARA QUADRO BRANCO";"141";"0";"0";"1";"2";"0";"174"
"202";"CANETA VERDE PARA QUADRO BRANCO ";"143";"0";"0";"1";"2";"0";"175"
"203";"CANETA VERMELHA PARA QUADRO BRANCO";"142";"0";"0";"1";"2";"0";"176"
"204";"COLA BASTĂO";"147";"0";"0";"1";"2";"0";"168"
"205";"CORRETIVO LÍQUIDO";"149";"0";"0";"1";"2";"0";"168"
"206";"ENVELOPE CARTA";"150";"0";"0";"1";"2";"0";"165"
"207";"ENVELOPE PARDO GRANDE";"152";"0";"0";"1";"2";"0";"165"
"208";"FITA ADESIVA PARDA LARGA";"160";"0";"0";"1";"2";"0";"162"
"209";"FITA ADESIVA TRANSPARENTE LARGA";"159";"0";"0";"1";"1";"0";"163"
"210";"FITA CREPE";"161";"0";"0";"1";"2";"0";"165"
"211";"GOMINHA ELÁSTICA";"166";"0";"0";"1";"2";"0";"165"
"212";"LACRE PLÁSTICO";"170";"0";"0";"1";"2";"0";"141"
"213";"LIVRO DE ATA 100 FOLHAS";"173";"0";"0";"1";"2";"0";"166"
"214";"LIVRO DE PROTOCOLO";"174";"0";"0";"1";"2";"0";"167"
"215";"MARCADOR PERMANENTE";"939";"0";"0";"1";"2";"0";"178"
"216";"MOUSE USB (INFORMAR MOTIVO)";"208";"0";"0";"1";"2";"0";"179"
"217";"PAPEL CARBONO";"177";"0";"0";"1";"2";"0";"161"
"218";"PRANCHETA (INFORMAR MOTIVO)";"184";"0";"0";"1";"2";"0";"158"
"219";"SACO PLÁSTICO GRANDE";"1181";"0";"0";"1";"2";"0";"157"
"220";"SACO PLÁSTICO MÉDIO";"1180";"0";"0";"1";"2";"0";"158"
"221";"SACO PLÁSTICO PEQUENO";"1179";"0";"0";"1";"2";"0";"159"
"222";"TECLADO USB (INFORMAR MOTIVO)";"211";"0";"0";"1";"2";"0";"179"
"224";"ALCOOL GEL REFIL";"217";"0";"0";"2";"2";"0";"204"
"225";"BALDE 14 LITROS";"218";"0";"0";"2";"2";"0";"192"
"226";"CERA AUTOMOTIVA";"237";"0";"0";"2";"2";"0";"226"
"227";"CERA LÍQUIDA PRETA";"239";"0";"0";"2";"2";"0";"230"
"228";"DESINFETANTE PINHO ";"262";"0";"0";"2";"2";"0";"213"
"229";"DETERGENTE ENZIMÁTICO";"3774";"0";"0";"2";"2";"0";"196"
"230";"DETERGENTE 500ML";"250";"0";"0";"2";"2";"0";"214"
"232";"ESCOVA PARA LIMPEZA";"238";"0";"0";"2";"2";"0";"219"
"233";"ESPONJA AUTOMOTIVA";"263";"0";"0";"2";"2";"0";"229"
"234";"ESPONJA DE AÇO";"264";"0";"0";"2";"2";"0";"202"
"235";"ESPONJA DUPLA FACE";"265";"0";"0";"2";"2";"0";"201"
"236";"ESTOPA";"266";"0";"0";"2";"2";"0";"228"
"237";"FLANELA BRANCA";"268";"0";"0";"2";"2";"0";"200"
"238";"HIPOCLORITO 1% PASTILHA";"1205";"0";"0";"2";"2";"0";"195"
"239";"INSETICIDA";"274";"0";"0";"2";"2";"0";"194"
"240";"LIMPA VIDROS";"275";"0";"0";"2";"2";"0";"212"
"241";"LUSTRA MÓVEIS";"278";"0";"0";"2";"2";"0";"207"
"242";"LUVA LÁTEX TAMANHOS";"533";"0";"0";"2";"2";"0";"193"
"243";"LIMPADOR MULTIUSO";"1204";"0";"0";"2";"2";"0";"210"
"244";"PANO DE CHĂO";"282";"0";"0";"2";"2";"0";"198"
"245";"PANO MULTIUSO";"535";"0";"0";"2";"2";"0";"199"
"246";"PAPEL HIGIĘNICO";"281";"0";"0";"2";"2";"0";"215"
"247";"PAPEL TOALHA";"294";"0";"0";"2";"2";"0";"216"
"248";"PASTA DE LIMPEZA";"283";"0";"0";"2";"2";"0";"208"
"249";"PASTILHA SANITÁRIA";"284";"0";"0";"2";"2";"0";"211"
"250";"SABĂO EM PÓ";"286";"0";"0";"2";"2";"0";"206"
"251";"SABONETE LÍQUIDO";"287";"0";"0";"2";"2";"0";"203"
"252";"SACO LIXO INFECTANTE 100L";"3746";"0";"0";"2";"2";"0";"218"
"253";"SACO LIXO INFECTANTE 30L";"3747";"0";"0";"2";"2";"0";"217"
"254";"SACO DE LIXO COMUM 200L";"98";"2642";"0";"2";"2";"0";"222"
"255";"SACO DE LIXO COMUM 30L";"3501";"0";"0";"2";"2";"0";"221"
"256";"SAPONÁCEO CREMOSO";"291";"0";"0";"2";"2";"0";"209"
"257";"TRINCHA";"298";"0";"0";"2";"2";"0";"223"
"258";"VASSOURA LAVA ÔNIBUS ";"1202";"0";"0";"2";"2";"0";"224"
"259";"VASSOURA PIAÇAVA";"299";"0";"0";"2";"2";"0";"224"
"260";"XAMPU AUTOMOTIVO";"301";"0";"0";"2";"2";"0";"227"
"261";"OXIGĘNIO RECARGA CILINDRO PEQUENO";"592";"0";"0";"3";"2";"0";NULL
"262";"OXIGĘNIO RECARGA CILINDRO INCUBADORA";"593";"0";"0";"3";"1";"0";NULL
"263";"OXIGĘNIO RECARGA CILINDRO GRANDE";"594";"0";"0";"3";"2";"0";NULL
"264";"PÁS ADULTO DEA INSTRAMED";"3494";"3495";"0";"0";"1";"0";"31"
"265";"PÁS INFANTIL DEA INSTRAMED";"3496";"3497";"0";"0";"2";"0";"32"
"267";"FITA ADESIVA TRANSPARENTE ESTREITA (DUREX)";"158";"0";"0";"1";"2";"0";"164"
"268";"COMPRESSA 45X50 ESTÉRIL";"9998";"9999";"0";"0";"2";"1";NULL
"270";"ALMOTOLIA TRANSPARENTE";"9";"0";"0";"0";"2";"1";NULL
"271";"CIRCUITO RESPIRATÓRIO ADULTO";"1932";"0";"0";"0";"1";"1";NULL
"272";"CIRCUITO RESPIRATÓRIO NEONATAL";"241";"0";"0";"0";"1";"1";NULL
"273";"CIRCUITO RESPIRATÓRIO PEDIÁTRICO";"1935";"0";"0";"0";"1";"1";NULL
"274";"FRASCO DE VIDRO PARA ASPIRADOR";"538";"0";"0";"0";"2";"1";NULL
"276";"ESPAÇADOR UNIVERSAL";"872";"0";"0";"0";"2";"1";NULL
"277";"KIT PEQUENO PROCEDIMENTO";"3981";"0";"2";"0";"2";"1";NULL
"278";"KIT PRONGA NASAL CPAP 0";"1991";"4168";"0";"0";"1";"1";NULL
"279";"KIT PRONGA NASAL CPAP 1";"1990";"4169";"0";"0";"1";"1";NULL
"280";"KIT PRONGA NASAL CPAP 2";"1992";"4170";"0";"0";"1";"1";NULL
"281";"KIT PRONGA NASAL CPAP 3";"1993";"4171";"0";"0";"1";"1";NULL
"282";"KIT PRONGA NASAL CPAP 4";"1994";"4172";"0";"0";"1";"1";NULL
"283";"LÂMINA PARA LARINGOSCÓPIO CURVA 0";"2000";"0";"0";"0";"1";"0";NULL
"284";"LÂMINA PARA LARINGOSCÓPIO CURVA 1";"2001";"1";"0";"0";"1";"0";NULL
"285";"LÂMINA PARA LARINGOSCÓPIO CURVA 2";"2002";"0";"0";"0";"1";"0";NULL
"286";"LÂMINA PARA LARINGOSCÓPIO CURVA 3";"2003";"0";"0";"0";"1";"0";NULL
"287";"LÂMINA PARA LARINGOSCÓPIO CURVA 4";"2004";"0";"0";"0";"1";"0";NULL
"288";"LÂMINA PARA LARINGOSCÓPIO CURVA 5";"2005";"0";"0";"0";"1";"0";NULL
"289";"LÂMINA PARA LARINGOSCÓPIO RETA 0";"2007";"0";"0";"0";"1";"0";NULL
"290";"LÂMINA PARA LARINGOSCÓPIO RETA 00";"2006";"0";"0";"0";"1";"0";NULL
"291";"LÂMINA PARA LARINGOSCÓPIO RETA 1";"2008";"0";"0";"0";"1";"0";NULL
"292";"LÂMINA PARA LARINGOSCÓPIO RETA 2";"2009";"0";"0";"0";"1";"0";NULL
"293";"LÂMINA PARA LARINGOSCÓPIO RETA 3";"2010";"0";"0";"0";"1";"0";NULL
"294";"LÂMINA PARA LARINGOSCÓPIO RETA 4";"2011";"0";"0";"0";"1";"0";NULL
"295";"LÂMINA PARA LARINGOSCÓPIO RETA 5";"2012";"0";"0";"0";"1";"0";NULL
"297";"MÁSCARA Nş 0 PARA REANIMADOR MANUAL";"3748";"0";"0";"0";"2";"0";NULL
"298";"MÁSCARA Nş 1 PARA REANIMADOR MANUAL";"3749";"3755";"0";"0";"2";"0";NULL
"299";"MÁSCARA Nş 3 PARA REANIMADOR MANUAL";"3751";"3757";"0";"0";"2";"0";NULL
"300";"MÁSCARA Nş 4 PARA REANIMADOR MANUAL";"3752";"3758";"0";"0";"2";"0";NULL
"301";"MÁSCARA Nş 5 PARA REANIMADOR MANUAL";"3753";"3759";"0";"0";"2";"0";NULL
"302";"MÁSCARA Nş2 PARA REANIMADOR MANUAL";"3750";"3756";"0";"0";"2";"0";NULL
"306";"ÓCULOS DE PROTEÇĂO";"85";"2633";"0";"0";"2";"1";NULL
"308";"PINÇA MAGYLL 14CM";"384";"0";"0";"0";"2";"1";NULL
"309";"PINÇA MAGYLL 20CM";"255";"2635";"0";"0";"2";"1";NULL
"310";"SONDA RÍGIDA TIPO YANKAUER";"2021";"3137";"0";"0";"2";"1";NULL
"311";"TUBO LARÍNGEO LT 0";"1753";"2666";"0";"0";"2";"1";NULL
"312";"TUBO LARÍNGEO LT 1";"1755";"2667";"0";"0";"1";"1";NULL
"313";"TUBO LARÍNGEO LT 2";"1757";"2668";"0";"0";"1";"1";NULL
"314";"TUBO LARÍNGEO LT 2.5";"1758";"2669";"0";"0";"1";"1";NULL
"315";"TUBO LARÍNGEO LT 3";"1760";"2670";"0";"0";"1";"1";NULL
"317";"TUBO LARÍNGEO LT 5 ";"2672";"1761";"0";"0";"1";"1";NULL
"320";"CATETER NASAL TIPO ÓCULOS PEDIÁTRICO";"21";"3439";"0";"0";"2";"0";"79"
"321";"SONDA ASPIRAÇĂO TRAQUEAL Nş 8";"461";"3519";"0";"0";"2";"0";"2"
"322";"SORO FISIOLÓGICO 100 ML";"4677";"0";"0";"0";"2";"0";"189"
"323";"ÁGUA OXIGENADA ALMOTOLIA 100ML";"4848";"0";"0";"0";"2";"0";"29"
"324";"GUIA DE BOUGIE ADULTO";"3472";"3472";"0";"0";"1";"1";NULL
"325";"GUIA DE BOUGIE PEDIÁTRICO ";"3476";"3476";"0";"0";"1";"1";NULL
"326";"GUIA DE BOUGIE NEONATAL";"3474";"3474";"0";"0";"1";"1";NULL
"327";"LÁTEX DE ASPIRAÇĂO ESTÉRIL";"0";"0";"0";"0";"2";"1";NULL
"330";"DISPOSITIVO PUNÇĂO INTRAÓSSEA ILLINOIS 15G";"3846";"0";"0";"0";"1";"0";"36"
"331";"CLOREXIDINA ALCÓOLICA 0,5%";"3080";"1964";"0";"0";"2";"0";"41"
"332";"CLOREXIDINA DERGEMANTE 2%";"5169";"3079";"0";"0";"2";"0";"42"
"333";"TUBO ENDOTRAQUEAL 2,0";"3779";"0";"0";"0";"2";"0";"43"
"334";"MÁSCARA FACIAL N95";"77";"2692";"0";"0";"2";"0";"65"
"335";"CATETER UMBILICAL 3,5";"1980";"3428";"0";"0";"1";"0";"93"
"336";"CATETER UMBILICAL 5";"1981";"3430";"0";"0";"1";"0";"94"
"337";"CATETER UMBILICAL 8";"1982";"3434";"0";"0";"1";"0";"95"
"338";"FILTRO BACTERIOLÓGICO ADULTO PARA VENTILADOR";"1988";"0";"0";"0";"1";"0";"96"
"339";"FILTRO BACTERIOLÓGICO NEO PEDIÁTRICO PARA VENTILAD";"1989";"0";"0";"0";"1";"0";"97"
"340";"FILTRO BACTERIOLÓGICO NEO NATAL PARA VENTILADOR";"3153";"0";"0";"0";"1";"0";"98"
"341";"CATETER CENTRAL MONOLUMEN 14";"1977";"0";"0";"0";"1";"0";"99"
"342";"CATETER CENTRAL MONOLUMEN 18";"1978";"0";"0";"0";"1";"0";"100"
"343";"FRASCO SELO D'ÁGUA DE DRENO DE TÓRAX";"4906";"0";"0";"0";"1";"0";"101"
"344";"EXTENSOR FOTOSSENSÍVEL PARA PERFUSĂO";"3118";"0";"0";"0";"1";"0";"129"
"345";"TORNIQUETE MILITAR (INFORMAR MOTIVO)";"2022";"0";"0";"0";"2";"0";"134"
"346";"FLUXÔMETRO FĘMEA PARA O2";"3126";"0";"0";"0";"2";"0";"138"
"347";"FLUXÔMETRO DIGITAL";"2464";"0";"0";"0";"2";"0";"139"
"348";"CINTO PARA MACA (INFORMAR MOTIVO)";"3106";"0";"0";"0";"2";"0";"142"
"350";"ÁGUA SANITÁRIA 1 L";"4103";"0";"0";"2";"1";"0";"205"
"351";"RODO";"285";"0";"0";"2";"2";"0";"220"
"352";"TRINCHA";"298";"0";"0";"2";"2";"0";"223"
"353";"SILICONE EM GEL 500 GR AUTOMOTIVO";"4110";"0";"0";"2";"2";"0";"225"
"354";"GLICOSÍMETRO (INFORMAR MOTIVO)";"54";"0";"0";"0";"1";"0";"155"
"355";"EBULIDOR  (INFORMAR MOTIVO)";"409";"0";"0";"1";"2";"0";"158"
